<?xml version="1.0" encoding="UTF-8"?>
<root>
  <item name="androidx.camera.extensions.internal.sessionprocessor.AdvancedSessionProcessor AdvancedSessionProcessor(androidx.camera.extensions.impl.advanced.SessionProcessorImpl, java.util.List&lt;android.hardware.camera2.CaptureRequest.Key&lt;?&gt;&gt;, androidx.camera.extensions.internal.VendorExtender, android.content.Context, int) 4">
    <annotation name="androidx.annotation.IntDef">
      <val name="value" val="{androidx.camera.extensions.ExtensionMode.NONE, androidx.camera.extensions.ExtensionMode.BOKEH, androidx.camera.extensions.ExtensionMode.HDR, androidx.camera.extensions.ExtensionMode.NIGHT, androidx.camera.extensions.ExtensionMode.FACE_RETOUCH, androidx.camera.extensions.ExtensionMode.AUTO}" />
    </annotation>
  </item>
  <item name="androidx.camera.extensions.internal.sessionprocessor.AdvancedSessionProcessor mMode">
    <annotation name="androidx.annotation.IntDef">
      <val name="value" val="{androidx.camera.extensions.ExtensionMode.NONE, androidx.camera.extensions.ExtensionMode.BOKEH, androidx.camera.extensions.ExtensionMode.HDR, androidx.camera.extensions.ExtensionMode.NIGHT, androidx.camera.extensions.ExtensionMode.FACE_RETOUCH, androidx.camera.extensions.ExtensionMode.AUTO}" />
    </annotation>
  </item>
  <item name="androidx.camera.extensions.internal.sessionprocessor.AdvancedSessionProcessor.ExtensionMetadataMonitor int convertExtensionMode(int)">
    <annotation name="androidx.annotation.IntDef">
      <val name="value" val="{androidx.camera.extensions.ExtensionMode.NONE, androidx.camera.extensions.ExtensionMode.BOKEH, androidx.camera.extensions.ExtensionMode.HDR, androidx.camera.extensions.ExtensionMode.NIGHT, androidx.camera.extensions.ExtensionMode.FACE_RETOUCH, androidx.camera.extensions.ExtensionMode.AUTO}" />
    </annotation>
  </item>
  <item name="androidx.camera.extensions.internal.sessionprocessor.BasicExtenderSessionProcessor BasicExtenderSessionProcessor(androidx.camera.extensions.impl.PreviewExtenderImpl, androidx.camera.extensions.impl.ImageCaptureExtenderImpl, java.util.List&lt;android.hardware.camera2.CaptureRequest.Key&lt;?&gt;&gt;, androidx.camera.extensions.internal.VendorExtender, android.content.Context, int) 5">
    <annotation name="androidx.annotation.IntDef">
      <val name="value" val="{androidx.camera.extensions.ExtensionMode.NONE, androidx.camera.extensions.ExtensionMode.BOKEH, androidx.camera.extensions.ExtensionMode.HDR, androidx.camera.extensions.ExtensionMode.NIGHT, androidx.camera.extensions.ExtensionMode.FACE_RETOUCH, androidx.camera.extensions.ExtensionMode.AUTO}" />
    </annotation>
  </item>
  <item name="androidx.camera.extensions.internal.sessionprocessor.SessionProcessorBase SessionProcessorBase(java.util.List&lt;android.hardware.camera2.CaptureRequest.Key&lt;?&gt;&gt;, int) 1">
    <annotation name="androidx.annotation.IntDef">
      <val name="value" val="{androidx.camera.extensions.ExtensionMode.NONE, androidx.camera.extensions.ExtensionMode.BOKEH, androidx.camera.extensions.ExtensionMode.HDR, androidx.camera.extensions.ExtensionMode.NIGHT, androidx.camera.extensions.ExtensionMode.FACE_RETOUCH, androidx.camera.extensions.ExtensionMode.AUTO}" />
    </annotation>
  </item>
  <item name="androidx.camera.extensions.internal.sessionprocessor.SessionProcessorBase mMode">
    <annotation name="androidx.annotation.IntDef">
      <val name="value" val="{androidx.camera.extensions.ExtensionMode.NONE, androidx.camera.extensions.ExtensionMode.BOKEH, androidx.camera.extensions.ExtensionMode.HDR, androidx.camera.extensions.ExtensionMode.NIGHT, androidx.camera.extensions.ExtensionMode.FACE_RETOUCH, androidx.camera.extensions.ExtensionMode.AUTO}" />
    </annotation>
  </item>
</root>

