<?xml version="1.0" encoding="UTF-8"?>
<root>
  <item name="androidx.camera.camera2.internal.Camera2CameraControlImpl mTorchState">
    <annotation name="androidx.annotation.IntDef">
      <val name="value" val="{androidx.camera.camera2.internal.TorchControl.OFF, androidx.camera.camera2.internal.TorchControl.ON, androidx.camera.camera2.internal.TorchControl.USED_AS_FLASH}" />
    </annotation>
  </item>
  <item name="androidx.camera.camera2.internal.Camera2CameraControlImpl void enableTorchInternal(int) 0">
    <annotation name="androidx.annotation.IntDef">
      <val name="value" val="{androidx.camera.camera2.internal.TorchControl.OFF, androidx.camera.camera2.internal.TorchControl.ON, androidx.camera.camera2.internal.TorchControl.USED_AS_FLASH}" />
    </annotation>
  </item>
  <item name="androidx.camera.camera2.internal.SupportedSurfaceCombination int getRequiredMaxBitDepth(java.util.Map&lt;androidx.camera.core.impl.UseCaseConfig&lt;?&gt;,androidx.camera.core.DynamicRange&gt;)">
    <annotation name="androidx.annotation.IntDef">
      <val name="value" val="{androidx.camera.core.DynamicRange.BIT_DEPTH_8_BIT, androidx.camera.core.DynamicRange.BIT_DEPTH_10_BIT}" />
    </annotation>
  </item>
  <item name="androidx.camera.camera2.internal.SupportedSurfaceCombination.FeatureSettings androidx.camera.camera2.internal.SupportedSurfaceCombination.FeatureSettings of(int, boolean, int, boolean, boolean, boolean, boolean, boolean, android.util.Range&lt;java.lang.Integer&gt;, boolean) 2">
    <annotation name="androidx.annotation.IntDef">
      <val name="value" val="{androidx.camera.core.DynamicRange.BIT_DEPTH_8_BIT, androidx.camera.core.DynamicRange.BIT_DEPTH_10_BIT}" />
    </annotation>
  </item>
  <item name="androidx.camera.camera2.internal.SupportedSurfaceCombination.FeatureSettings int getRequiredMaxBitDepth()">
    <annotation name="androidx.annotation.IntDef">
      <val name="value" val="{androidx.camera.core.DynamicRange.BIT_DEPTH_8_BIT, androidx.camera.core.DynamicRange.BIT_DEPTH_10_BIT}" />
    </annotation>
  </item>
  <item name="androidx.camera.camera2.internal.TorchControl void enableTorchInternal(androidx.concurrent.futures.CallbackToFutureAdapter.Completer&lt;java.lang.Void&gt;, int) 1">
    <annotation name="androidx.annotation.IntDef">
      <val name="value" val="{androidx.camera.camera2.internal.TorchControl.OFF, androidx.camera.camera2.internal.TorchControl.ON, androidx.camera.camera2.internal.TorchControl.USED_AS_FLASH}" />
    </annotation>
  </item>
  <item name="androidx.camera.camera2.internal.TorchControl void setTorchState(int) 0">
    <annotation name="androidx.annotation.IntDef">
      <val name="value" val="{androidx.camera.camera2.internal.TorchControl.OFF, androidx.camera.camera2.internal.TorchControl.ON, androidx.camera.camera2.internal.TorchControl.USED_AS_FLASH}" />
    </annotation>
  </item>
</root>

