<?xml version="1.0" encoding="UTF-8"?>
<root>
  <item name="androidx.camera.video.AudioSpec int getChannelCount()">
    <annotation name="androidx.annotation.IntDef">
      <val name="open" val="true" />
      <val name="value" val="{androidx.camera.video.AudioSpec.CHANNEL_COUNT_AUTO, androidx.camera.video.AudioSpec.CHANNEL_COUNT_NONE, androidx.camera.video.AudioSpec.CHANNEL_COUNT_MONO, androidx.camera.video.AudioSpec.CHANNEL_COUNT_STEREO}" />
    </annotation>
  </item>
  <item name="androidx.camera.video.AudioSpec int getSource()">
    <annotation name="androidx.annotation.IntDef">
      <val name="value" val="{androidx.camera.video.AudioSpec.SOURCE_AUTO, androidx.camera.video.AudioSpec.SOURCE_CAMCORDER}" />
    </annotation>
  </item>
  <item name="androidx.camera.video.AudioSpec int getSourceFormat()">
    <annotation name="androidx.annotation.IntDef">
      <val name="value" val="{androidx.camera.video.AudioSpec.SOURCE_FORMAT_AUTO, androidx.camera.video.AudioSpec.SOURCE_FORMAT_PCM_16BIT}" />
    </annotation>
  </item>
  <item name="androidx.camera.video.AudioSpec.Builder androidx.camera.video.AudioSpec.Builder setChannelCount(int) 0">
    <annotation name="androidx.annotation.IntDef">
      <val name="open" val="true" />
      <val name="value" val="{androidx.camera.video.AudioSpec.CHANNEL_COUNT_AUTO, androidx.camera.video.AudioSpec.CHANNEL_COUNT_NONE, androidx.camera.video.AudioSpec.CHANNEL_COUNT_MONO, androidx.camera.video.AudioSpec.CHANNEL_COUNT_STEREO}" />
    </annotation>
  </item>
  <item name="androidx.camera.video.AudioSpec.Builder androidx.camera.video.AudioSpec.Builder setSource(int) 0">
    <annotation name="androidx.annotation.IntDef">
      <val name="value" val="{androidx.camera.video.AudioSpec.SOURCE_AUTO, androidx.camera.video.AudioSpec.SOURCE_CAMCORDER}" />
    </annotation>
  </item>
  <item name="androidx.camera.video.AudioSpec.Builder androidx.camera.video.AudioSpec.Builder setSourceFormat(int) 0">
    <annotation name="androidx.annotation.IntDef">
      <val name="value" val="{androidx.camera.video.AudioSpec.SOURCE_FORMAT_AUTO, androidx.camera.video.AudioSpec.SOURCE_FORMAT_PCM_16BIT}" />
    </annotation>
  </item>
  <item name="androidx.camera.video.AudioSpec.ChannelCount">
    <annotation name="androidx.annotation.IntDef">
      <val name="open" val="true" />
      <val name="value" val="{androidx.camera.video.AudioSpec.CHANNEL_COUNT_AUTO, androidx.camera.video.AudioSpec.CHANNEL_COUNT_NONE, androidx.camera.video.AudioSpec.CHANNEL_COUNT_MONO, androidx.camera.video.AudioSpec.CHANNEL_COUNT_STEREO}" />
    </annotation>
  </item>
  <item name="androidx.camera.video.AudioSpec.Source">
    <annotation name="androidx.annotation.IntDef">
      <val name="value" val="{androidx.camera.video.AudioSpec.SOURCE_AUTO, androidx.camera.video.AudioSpec.SOURCE_CAMCORDER}" />
    </annotation>
  </item>
  <item name="androidx.camera.video.AudioStats androidx.camera.video.AudioStats of(int, java.lang.Throwable, double, long) 0">
    <annotation name="androidx.annotation.IntDef">
      <val name="value" val="{androidx.camera.video.AudioStats.AUDIO_STATE_ACTIVE, androidx.camera.video.AudioStats.AUDIO_STATE_DISABLED, androidx.camera.video.AudioStats.AUDIO_STATE_SOURCE_SILENCED, androidx.camera.video.AudioStats.AUDIO_STATE_ENCODER_ERROR, androidx.camera.video.AudioStats.AUDIO_STATE_SOURCE_ERROR, androidx.camera.video.AudioStats.AUDIO_STATE_MUTED}" />
    </annotation>
  </item>
  <item name="androidx.camera.video.AudioStats int getAudioState()">
    <annotation name="androidx.annotation.IntDef">
      <val name="value" val="{androidx.camera.video.AudioStats.AUDIO_STATE_ACTIVE, androidx.camera.video.AudioStats.AUDIO_STATE_DISABLED, androidx.camera.video.AudioStats.AUDIO_STATE_SOURCE_SILENCED, androidx.camera.video.AudioStats.AUDIO_STATE_ENCODER_ERROR, androidx.camera.video.AudioStats.AUDIO_STATE_SOURCE_ERROR, androidx.camera.video.AudioStats.AUDIO_STATE_MUTED}" />
    </annotation>
  </item>
  <item name="androidx.camera.video.AudioStats.AudioState">
    <annotation name="androidx.annotation.IntDef">
      <val name="value" val="{androidx.camera.video.AudioStats.AUDIO_STATE_ACTIVE, androidx.camera.video.AudioStats.AUDIO_STATE_DISABLED, androidx.camera.video.AudioStats.AUDIO_STATE_SOURCE_SILENCED, androidx.camera.video.AudioStats.AUDIO_STATE_ENCODER_ERROR, androidx.camera.video.AudioStats.AUDIO_STATE_SOURCE_ERROR, androidx.camera.video.AudioStats.AUDIO_STATE_MUTED}" />
    </annotation>
  </item>
  <item name="androidx.camera.video.CapabilitiesByQuality CapabilitiesByQuality(androidx.camera.core.impl.EncoderProfilesProvider, int) 1">
    <annotation name="androidx.annotation.IntDef">
      <val name="value" val="{androidx.camera.video.Quality.QUALITY_SOURCE_REGULAR, androidx.camera.video.Quality.QUALITY_SOURCE_HIGH_SPEED}" />
    </annotation>
  </item>
  <item name="androidx.camera.video.CapabilitiesByQuality androidx.camera.core.impl.EncoderProfilesProxy getEncoderProfiles(androidx.camera.video.Quality, androidx.camera.core.impl.EncoderProfilesProvider, int) 2">
    <annotation name="androidx.annotation.IntDef">
      <val name="value" val="{androidx.camera.video.Quality.QUALITY_SOURCE_REGULAR, androidx.camera.video.Quality.QUALITY_SOURCE_HIGH_SPEED}" />
    </annotation>
  </item>
  <item name="androidx.camera.video.CapabilitiesByQuality boolean containsSupportedQuality(androidx.camera.core.impl.EncoderProfilesProvider, int) 1">
    <annotation name="androidx.annotation.IntDef">
      <val name="value" val="{androidx.camera.video.Quality.QUALITY_SOURCE_REGULAR, androidx.camera.video.Quality.QUALITY_SOURCE_HIGH_SPEED}" />
    </annotation>
  </item>
  <item name="androidx.camera.video.FallbackStrategy.RuleStrategy int getFallbackRule()">
    <annotation name="androidx.annotation.IntDef">
      <val name="value" val="{androidx.camera.video.FallbackStrategy.FALLBACK_RULE_NONE, androidx.camera.video.FallbackStrategy.FALLBACK_RULE_HIGHER_OR_LOWER, androidx.camera.video.FallbackStrategy.FALLBACK_RULE_HIGHER, androidx.camera.video.FallbackStrategy.FALLBACK_RULE_LOWER_OR_HIGHER, androidx.camera.video.FallbackStrategy.FALLBACK_RULE_LOWER}" />
    </annotation>
  </item>
  <item name="androidx.camera.video.MediaSpec int getOutputFormat()">
    <annotation name="androidx.annotation.IntDef">
      <val name="value" val="{androidx.camera.video.MediaSpec.OUTPUT_FORMAT_AUTO, androidx.camera.video.MediaSpec.OUTPUT_FORMAT_MPEG_4, androidx.camera.video.MediaSpec.OUTPUT_FORMAT_WEBM}" />
    </annotation>
  </item>
  <item name="androidx.camera.video.MediaSpec int outputFormatToAudioProfile(int) 0">
    <annotation name="androidx.annotation.IntDef">
      <val name="value" val="{androidx.camera.video.MediaSpec.OUTPUT_FORMAT_AUTO, androidx.camera.video.MediaSpec.OUTPUT_FORMAT_MPEG_4, androidx.camera.video.MediaSpec.OUTPUT_FORMAT_WEBM}" />
    </annotation>
  </item>
  <item name="androidx.camera.video.MediaSpec int outputFormatToMuxerFormat(int) 0">
    <annotation name="androidx.annotation.IntDef">
      <val name="value" val="{androidx.camera.video.MediaSpec.OUTPUT_FORMAT_AUTO, androidx.camera.video.MediaSpec.OUTPUT_FORMAT_MPEG_4, androidx.camera.video.MediaSpec.OUTPUT_FORMAT_WEBM}" />
    </annotation>
  </item>
  <item name="androidx.camera.video.MediaSpec java.lang.String outputFormatToAudioMime(int) 0">
    <annotation name="androidx.annotation.IntDef">
      <val name="value" val="{androidx.camera.video.MediaSpec.OUTPUT_FORMAT_AUTO, androidx.camera.video.MediaSpec.OUTPUT_FORMAT_MPEG_4, androidx.camera.video.MediaSpec.OUTPUT_FORMAT_WEBM}" />
    </annotation>
  </item>
  <item name="androidx.camera.video.MediaSpec java.lang.String outputFormatToVideoMime(int) 0">
    <annotation name="androidx.annotation.IntDef">
      <val name="value" val="{androidx.camera.video.MediaSpec.OUTPUT_FORMAT_AUTO, androidx.camera.video.MediaSpec.OUTPUT_FORMAT_MPEG_4, androidx.camera.video.MediaSpec.OUTPUT_FORMAT_WEBM}" />
    </annotation>
  </item>
  <item name="androidx.camera.video.MediaSpec.Builder androidx.camera.video.MediaSpec.Builder setOutputFormat(int) 0">
    <annotation name="androidx.annotation.IntDef">
      <val name="value" val="{androidx.camera.video.MediaSpec.OUTPUT_FORMAT_AUTO, androidx.camera.video.MediaSpec.OUTPUT_FORMAT_MPEG_4, androidx.camera.video.MediaSpec.OUTPUT_FORMAT_WEBM}" />
    </annotation>
  </item>
  <item name="androidx.camera.video.MediaSpec.OutputFormat">
    <annotation name="androidx.annotation.IntDef">
      <val name="value" val="{androidx.camera.video.MediaSpec.OUTPUT_FORMAT_AUTO, androidx.camera.video.MediaSpec.OUTPUT_FORMAT_MPEG_4, androidx.camera.video.MediaSpec.OUTPUT_FORMAT_WEBM}" />
    </annotation>
  </item>
  <item name="androidx.camera.video.Quality.ConstantQuality int getQualityValue(int) 0">
    <annotation name="androidx.annotation.IntDef">
      <val name="value" val="{androidx.camera.video.Quality.QUALITY_SOURCE_REGULAR, androidx.camera.video.Quality.QUALITY_SOURCE_HIGH_SPEED}" />
    </annotation>
  </item>
  <item name="androidx.camera.video.Quality.QualitySource">
    <annotation name="androidx.annotation.IntDef">
      <val name="value" val="{androidx.camera.video.Quality.QUALITY_SOURCE_REGULAR, androidx.camera.video.Quality.QUALITY_SOURCE_HIGH_SPEED}" />
    </annotation>
  </item>
  <item name="androidx.camera.video.Recorder Recorder(java.util.concurrent.Executor, androidx.camera.video.MediaSpec, int, androidx.camera.video.internal.encoder.EncoderFactory, androidx.camera.video.internal.encoder.EncoderFactory, androidx.camera.video.internal.OutputStorage.Factory, long) 2">
    <annotation name="androidx.annotation.IntDef">
      <val name="value" val="{androidx.camera.video.Recorder.VIDEO_CAPABILITIES_SOURCE_CAMCORDER_PROFILE, androidx.camera.video.Recorder.VIDEO_CAPABILITIES_SOURCE_CODEC_CAPABILITIES}" />
    </annotation>
  </item>
  <item name="androidx.camera.video.Recorder androidx.camera.video.VideoCapabilities getHighSpeedVideoCapabilities(androidx.camera.core.CameraInfo, int) 1">
    <annotation name="androidx.annotation.IntDef">
      <val name="value" val="{androidx.camera.video.Recorder.VIDEO_CAPABILITIES_SOURCE_CAMCORDER_PROFILE, androidx.camera.video.Recorder.VIDEO_CAPABILITIES_SOURCE_CODEC_CAPABILITIES}" />
    </annotation>
  </item>
  <item name="androidx.camera.video.Recorder androidx.camera.video.VideoCapabilities getVideoCapabilities(androidx.camera.core.CameraInfo, int) 1">
    <annotation name="androidx.annotation.IntDef">
      <val name="value" val="{androidx.camera.video.Recorder.VIDEO_CAPABILITIES_SOURCE_CAMCORDER_PROFILE, androidx.camera.video.Recorder.VIDEO_CAPABILITIES_SOURCE_CODEC_CAPABILITIES}" />
    </annotation>
  </item>
  <item name="androidx.camera.video.Recorder androidx.camera.video.VideoCapabilities getVideoCapabilitiesInternal(int, androidx.camera.core.CameraInfo, int) 0">
    <annotation name="androidx.annotation.IntDef">
      <val name="value" val="{androidx.camera.video.Recorder.VIDEO_RECORDING_TYPE_REGULAR, androidx.camera.video.Recorder.VIDEO_RECORDING_TYPE_HIGH_SPEED}" />
    </annotation>
  </item>
  <item name="androidx.camera.video.Recorder androidx.camera.video.VideoCapabilities getVideoCapabilitiesInternal(int, androidx.camera.core.CameraInfo, int) 2">
    <annotation name="androidx.annotation.IntDef">
      <val name="value" val="{androidx.camera.video.Recorder.VIDEO_CAPABILITIES_SOURCE_CAMCORDER_PROFILE, androidx.camera.video.Recorder.VIDEO_CAPABILITIES_SOURCE_CODEC_CAPABILITIES}" />
    </annotation>
  </item>
  <item name="androidx.camera.video.Recorder int getAudioSource()">
    <annotation name="androidx.annotation.IntDef">
      <val name="value" val="{androidx.camera.video.AudioSpec.SOURCE_AUTO, androidx.camera.video.AudioSpec.SOURCE_CAMCORDER}" />
    </annotation>
  </item>
  <item name="androidx.camera.video.Recorder int getVideoCapabilitiesSource()">
    <annotation name="androidx.annotation.IntDef">
      <val name="value" val="{androidx.camera.video.Recorder.VIDEO_CAPABILITIES_SOURCE_CAMCORDER_PROFILE, androidx.camera.video.Recorder.VIDEO_CAPABILITIES_SOURCE_CODEC_CAPABILITIES}" />
    </annotation>
  </item>
  <item name="androidx.camera.video.Recorder mRecordingStopError">
    <annotation name="androidx.annotation.IntDef">
      <val name="value" val="{androidx.camera.video.VideoRecordEvent.Finalize.ERROR_NONE, androidx.camera.video.VideoRecordEvent.Finalize.ERROR_UNKNOWN, androidx.camera.video.VideoRecordEvent.Finalize.ERROR_FILE_SIZE_LIMIT_REACHED, androidx.camera.video.VideoRecordEvent.Finalize.ERROR_INSUFFICIENT_STORAGE, androidx.camera.video.VideoRecordEvent.Finalize.ERROR_INVALID_OUTPUT_OPTIONS, androidx.camera.video.VideoRecordEvent.Finalize.ERROR_ENCODING_FAILED, androidx.camera.video.VideoRecordEvent.Finalize.ERROR_RECORDER_ERROR, androidx.camera.video.VideoRecordEvent.Finalize.ERROR_NO_VALID_DATA, androidx.camera.video.VideoRecordEvent.Finalize.ERROR_SOURCE_INACTIVE, androidx.camera.video.VideoRecordEvent.Finalize.ERROR_DURATION_LIMIT_REACHED, androidx.camera.video.VideoRecordEvent.Finalize.ERROR_RECORDING_GARBAGE_COLLECTED}" />
    </annotation>
  </item>
  <item name="androidx.camera.video.Recorder mVideoCapabilitiesSource">
    <annotation name="androidx.annotation.IntDef">
      <val name="value" val="{androidx.camera.video.Recorder.VIDEO_CAPABILITIES_SOURCE_CAMCORDER_PROFILE, androidx.camera.video.Recorder.VIDEO_CAPABILITIES_SOURCE_CODEC_CAPABILITIES}" />
    </annotation>
  </item>
  <item name="androidx.camera.video.Recorder void finalizeInProgressRecording(int, java.lang.Throwable) 0">
    <annotation name="androidx.annotation.IntDef">
      <val name="value" val="{androidx.camera.video.VideoRecordEvent.Finalize.ERROR_NONE, androidx.camera.video.VideoRecordEvent.Finalize.ERROR_UNKNOWN, androidx.camera.video.VideoRecordEvent.Finalize.ERROR_FILE_SIZE_LIMIT_REACHED, androidx.camera.video.VideoRecordEvent.Finalize.ERROR_INSUFFICIENT_STORAGE, androidx.camera.video.VideoRecordEvent.Finalize.ERROR_INVALID_OUTPUT_OPTIONS, androidx.camera.video.VideoRecordEvent.Finalize.ERROR_ENCODING_FAILED, androidx.camera.video.VideoRecordEvent.Finalize.ERROR_RECORDER_ERROR, androidx.camera.video.VideoRecordEvent.Finalize.ERROR_NO_VALID_DATA, androidx.camera.video.VideoRecordEvent.Finalize.ERROR_SOURCE_INACTIVE, androidx.camera.video.VideoRecordEvent.Finalize.ERROR_DURATION_LIMIT_REACHED, androidx.camera.video.VideoRecordEvent.Finalize.ERROR_RECORDING_GARBAGE_COLLECTED}" />
    </annotation>
  </item>
  <item name="androidx.camera.video.Recorder void finalizePendingRecording(androidx.camera.video.Recorder.RecordingRecord, int, java.lang.Throwable) 1">
    <annotation name="androidx.annotation.IntDef">
      <val name="value" val="{androidx.camera.video.VideoRecordEvent.Finalize.ERROR_NONE, androidx.camera.video.VideoRecordEvent.Finalize.ERROR_UNKNOWN, androidx.camera.video.VideoRecordEvent.Finalize.ERROR_FILE_SIZE_LIMIT_REACHED, androidx.camera.video.VideoRecordEvent.Finalize.ERROR_INSUFFICIENT_STORAGE, androidx.camera.video.VideoRecordEvent.Finalize.ERROR_INVALID_OUTPUT_OPTIONS, androidx.camera.video.VideoRecordEvent.Finalize.ERROR_ENCODING_FAILED, androidx.camera.video.VideoRecordEvent.Finalize.ERROR_RECORDER_ERROR, androidx.camera.video.VideoRecordEvent.Finalize.ERROR_NO_VALID_DATA, androidx.camera.video.VideoRecordEvent.Finalize.ERROR_SOURCE_INACTIVE, androidx.camera.video.VideoRecordEvent.Finalize.ERROR_DURATION_LIMIT_REACHED, androidx.camera.video.VideoRecordEvent.Finalize.ERROR_RECORDING_GARBAGE_COLLECTED}" />
    </annotation>
  </item>
  <item name="androidx.camera.video.Recorder void onInProgressRecordingInternalError(androidx.camera.video.Recorder.RecordingRecord, int, java.lang.Throwable) 1">
    <annotation name="androidx.annotation.IntDef">
      <val name="value" val="{androidx.camera.video.VideoRecordEvent.Finalize.ERROR_NONE, androidx.camera.video.VideoRecordEvent.Finalize.ERROR_UNKNOWN, androidx.camera.video.VideoRecordEvent.Finalize.ERROR_FILE_SIZE_LIMIT_REACHED, androidx.camera.video.VideoRecordEvent.Finalize.ERROR_INSUFFICIENT_STORAGE, androidx.camera.video.VideoRecordEvent.Finalize.ERROR_INVALID_OUTPUT_OPTIONS, androidx.camera.video.VideoRecordEvent.Finalize.ERROR_ENCODING_FAILED, androidx.camera.video.VideoRecordEvent.Finalize.ERROR_RECORDER_ERROR, androidx.camera.video.VideoRecordEvent.Finalize.ERROR_NO_VALID_DATA, androidx.camera.video.VideoRecordEvent.Finalize.ERROR_SOURCE_INACTIVE, androidx.camera.video.VideoRecordEvent.Finalize.ERROR_DURATION_LIMIT_REACHED, androidx.camera.video.VideoRecordEvent.Finalize.ERROR_RECORDING_GARBAGE_COLLECTED}" />
    </annotation>
  </item>
  <item name="androidx.camera.video.Recorder void requestReset(int, java.lang.Throwable, boolean) 0">
    <annotation name="androidx.annotation.IntDef">
      <val name="value" val="{androidx.camera.video.VideoRecordEvent.Finalize.ERROR_NONE, androidx.camera.video.VideoRecordEvent.Finalize.ERROR_UNKNOWN, androidx.camera.video.VideoRecordEvent.Finalize.ERROR_FILE_SIZE_LIMIT_REACHED, androidx.camera.video.VideoRecordEvent.Finalize.ERROR_INSUFFICIENT_STORAGE, androidx.camera.video.VideoRecordEvent.Finalize.ERROR_INVALID_OUTPUT_OPTIONS, androidx.camera.video.VideoRecordEvent.Finalize.ERROR_ENCODING_FAILED, androidx.camera.video.VideoRecordEvent.Finalize.ERROR_RECORDER_ERROR, androidx.camera.video.VideoRecordEvent.Finalize.ERROR_NO_VALID_DATA, androidx.camera.video.VideoRecordEvent.Finalize.ERROR_SOURCE_INACTIVE, androidx.camera.video.VideoRecordEvent.Finalize.ERROR_DURATION_LIMIT_REACHED, androidx.camera.video.VideoRecordEvent.Finalize.ERROR_RECORDING_GARBAGE_COLLECTED}" />
    </annotation>
  </item>
  <item name="androidx.camera.video.Recorder void stop(androidx.camera.video.Recording, int, java.lang.Throwable) 1">
    <annotation name="androidx.annotation.IntDef">
      <val name="value" val="{androidx.camera.video.VideoRecordEvent.Finalize.ERROR_NONE, androidx.camera.video.VideoRecordEvent.Finalize.ERROR_UNKNOWN, androidx.camera.video.VideoRecordEvent.Finalize.ERROR_FILE_SIZE_LIMIT_REACHED, androidx.camera.video.VideoRecordEvent.Finalize.ERROR_INSUFFICIENT_STORAGE, androidx.camera.video.VideoRecordEvent.Finalize.ERROR_INVALID_OUTPUT_OPTIONS, androidx.camera.video.VideoRecordEvent.Finalize.ERROR_ENCODING_FAILED, androidx.camera.video.VideoRecordEvent.Finalize.ERROR_RECORDER_ERROR, androidx.camera.video.VideoRecordEvent.Finalize.ERROR_NO_VALID_DATA, androidx.camera.video.VideoRecordEvent.Finalize.ERROR_SOURCE_INACTIVE, androidx.camera.video.VideoRecordEvent.Finalize.ERROR_DURATION_LIMIT_REACHED, androidx.camera.video.VideoRecordEvent.Finalize.ERROR_RECORDING_GARBAGE_COLLECTED}" />
    </annotation>
  </item>
  <item name="androidx.camera.video.Recorder void stopInternal(androidx.camera.video.Recorder.RecordingRecord, long, int, java.lang.Throwable) 2">
    <annotation name="androidx.annotation.IntDef">
      <val name="value" val="{androidx.camera.video.VideoRecordEvent.Finalize.ERROR_NONE, androidx.camera.video.VideoRecordEvent.Finalize.ERROR_UNKNOWN, androidx.camera.video.VideoRecordEvent.Finalize.ERROR_FILE_SIZE_LIMIT_REACHED, androidx.camera.video.VideoRecordEvent.Finalize.ERROR_INSUFFICIENT_STORAGE, androidx.camera.video.VideoRecordEvent.Finalize.ERROR_INVALID_OUTPUT_OPTIONS, androidx.camera.video.VideoRecordEvent.Finalize.ERROR_ENCODING_FAILED, androidx.camera.video.VideoRecordEvent.Finalize.ERROR_RECORDER_ERROR, androidx.camera.video.VideoRecordEvent.Finalize.ERROR_NO_VALID_DATA, androidx.camera.video.VideoRecordEvent.Finalize.ERROR_SOURCE_INACTIVE, androidx.camera.video.VideoRecordEvent.Finalize.ERROR_DURATION_LIMIT_REACHED, androidx.camera.video.VideoRecordEvent.Finalize.ERROR_RECORDING_GARBAGE_COLLECTED}" />
    </annotation>
  </item>
  <item name="androidx.camera.video.Recorder.Builder androidx.camera.video.Recorder.Builder setAudioSource(int) 0">
    <annotation name="androidx.annotation.IntDef">
      <val name="value" val="{androidx.camera.video.AudioSpec.SOURCE_AUTO, androidx.camera.video.AudioSpec.SOURCE_CAMCORDER}" />
    </annotation>
  </item>
  <item name="androidx.camera.video.Recorder.Builder androidx.camera.video.Recorder.Builder setVideoCapabilitiesSource(int) 0">
    <annotation name="androidx.annotation.IntDef">
      <val name="value" val="{androidx.camera.video.Recorder.VIDEO_CAPABILITIES_SOURCE_CAMCORDER_PROFILE, androidx.camera.video.Recorder.VIDEO_CAPABILITIES_SOURCE_CODEC_CAPABILITIES}" />
    </annotation>
  </item>
  <item name="androidx.camera.video.Recorder.Builder mVideoCapabilitiesSource">
    <annotation name="androidx.annotation.IntDef">
      <val name="value" val="{androidx.camera.video.Recorder.VIDEO_CAPABILITIES_SOURCE_CAMCORDER_PROFILE, androidx.camera.video.Recorder.VIDEO_CAPABILITIES_SOURCE_CODEC_CAPABILITIES}" />
    </annotation>
  </item>
  <item name="androidx.camera.video.RecorderVideoCapabilities RecorderVideoCapabilities(int, androidx.camera.core.impl.CameraInfoInternal, int, androidx.camera.video.internal.encoder.VideoEncoderInfo.Finder) 0">
    <annotation name="androidx.annotation.IntDef">
      <val name="value" val="{androidx.camera.video.Recorder.VIDEO_CAPABILITIES_SOURCE_CAMCORDER_PROFILE, androidx.camera.video.Recorder.VIDEO_CAPABILITIES_SOURCE_CODEC_CAPABILITIES}" />
    </annotation>
  </item>
  <item name="androidx.camera.video.RecorderVideoCapabilities RecorderVideoCapabilities(int, androidx.camera.core.impl.CameraInfoInternal, int, androidx.camera.video.internal.encoder.VideoEncoderInfo.Finder) 2">
    <annotation name="androidx.annotation.IntDef">
      <val name="value" val="{androidx.camera.video.Recorder.VIDEO_RECORDING_TYPE_REGULAR, androidx.camera.video.Recorder.VIDEO_RECORDING_TYPE_HIGH_SPEED}" />
    </annotation>
  </item>
  <item name="androidx.camera.video.RecorderVideoCapabilities androidx.camera.core.impl.EncoderProfilesProvider getEncoderProfilesProvider(int, androidx.camera.core.impl.CameraInfoInternal, androidx.camera.video.internal.encoder.VideoEncoderInfo.Finder, int) 0">
    <annotation name="androidx.annotation.IntDef">
      <val name="value" val="{androidx.camera.video.Recorder.VIDEO_CAPABILITIES_SOURCE_CAMCORDER_PROFILE, androidx.camera.video.Recorder.VIDEO_CAPABILITIES_SOURCE_CODEC_CAPABILITIES}" />
    </annotation>
  </item>
  <item name="androidx.camera.video.RecorderVideoCapabilities androidx.camera.core.impl.EncoderProfilesProvider getEncoderProfilesProvider(int, androidx.camera.core.impl.CameraInfoInternal, androidx.camera.video.internal.encoder.VideoEncoderInfo.Finder, int) 3">
    <annotation name="androidx.annotation.IntDef">
      <val name="value" val="{androidx.camera.video.Quality.QUALITY_SOURCE_REGULAR, androidx.camera.video.Quality.QUALITY_SOURCE_HIGH_SPEED}" />
    </annotation>
  </item>
  <item name="androidx.camera.video.RecorderVideoCapabilities mQualitySource">
    <annotation name="androidx.annotation.IntDef">
      <val name="value" val="{androidx.camera.video.Quality.QUALITY_SOURCE_REGULAR, androidx.camera.video.Quality.QUALITY_SOURCE_HIGH_SPEED}" />
    </annotation>
  </item>
  <item name="androidx.camera.video.Recording void stopWithError(int, java.lang.Throwable) 0">
    <annotation name="androidx.annotation.IntDef">
      <val name="value" val="{androidx.camera.video.VideoRecordEvent.Finalize.ERROR_NONE, androidx.camera.video.VideoRecordEvent.Finalize.ERROR_UNKNOWN, androidx.camera.video.VideoRecordEvent.Finalize.ERROR_FILE_SIZE_LIMIT_REACHED, androidx.camera.video.VideoRecordEvent.Finalize.ERROR_INSUFFICIENT_STORAGE, androidx.camera.video.VideoRecordEvent.Finalize.ERROR_INVALID_OUTPUT_OPTIONS, androidx.camera.video.VideoRecordEvent.Finalize.ERROR_ENCODING_FAILED, androidx.camera.video.VideoRecordEvent.Finalize.ERROR_RECORDER_ERROR, androidx.camera.video.VideoRecordEvent.Finalize.ERROR_NO_VALID_DATA, androidx.camera.video.VideoRecordEvent.Finalize.ERROR_SOURCE_INACTIVE, androidx.camera.video.VideoRecordEvent.Finalize.ERROR_DURATION_LIMIT_REACHED, androidx.camera.video.VideoRecordEvent.Finalize.ERROR_RECORDING_GARBAGE_COLLECTED}" />
    </annotation>
  </item>
  <item name="androidx.camera.video.VideoRecordEvent androidx.camera.video.VideoRecordEvent.Finalize finalizeWithError(androidx.camera.video.OutputOptions, androidx.camera.video.RecordingStats, androidx.camera.video.OutputResults, int, java.lang.Throwable) 3">
    <annotation name="androidx.annotation.IntDef">
      <val name="value" val="{androidx.camera.video.VideoRecordEvent.Finalize.ERROR_NONE, androidx.camera.video.VideoRecordEvent.Finalize.ERROR_UNKNOWN, androidx.camera.video.VideoRecordEvent.Finalize.ERROR_FILE_SIZE_LIMIT_REACHED, androidx.camera.video.VideoRecordEvent.Finalize.ERROR_INSUFFICIENT_STORAGE, androidx.camera.video.VideoRecordEvent.Finalize.ERROR_INVALID_OUTPUT_OPTIONS, androidx.camera.video.VideoRecordEvent.Finalize.ERROR_ENCODING_FAILED, androidx.camera.video.VideoRecordEvent.Finalize.ERROR_RECORDER_ERROR, androidx.camera.video.VideoRecordEvent.Finalize.ERROR_NO_VALID_DATA, androidx.camera.video.VideoRecordEvent.Finalize.ERROR_SOURCE_INACTIVE, androidx.camera.video.VideoRecordEvent.Finalize.ERROR_DURATION_LIMIT_REACHED, androidx.camera.video.VideoRecordEvent.Finalize.ERROR_RECORDING_GARBAGE_COLLECTED}" />
    </annotation>
  </item>
  <item name="androidx.camera.video.VideoRecordEvent.Finalize Finalize(androidx.camera.video.OutputOptions, androidx.camera.video.RecordingStats, androidx.camera.video.OutputResults, int, java.lang.Throwable) 3">
    <annotation name="androidx.annotation.IntDef">
      <val name="value" val="{androidx.camera.video.VideoRecordEvent.Finalize.ERROR_NONE, androidx.camera.video.VideoRecordEvent.Finalize.ERROR_UNKNOWN, androidx.camera.video.VideoRecordEvent.Finalize.ERROR_FILE_SIZE_LIMIT_REACHED, androidx.camera.video.VideoRecordEvent.Finalize.ERROR_INSUFFICIENT_STORAGE, androidx.camera.video.VideoRecordEvent.Finalize.ERROR_INVALID_OUTPUT_OPTIONS, androidx.camera.video.VideoRecordEvent.Finalize.ERROR_ENCODING_FAILED, androidx.camera.video.VideoRecordEvent.Finalize.ERROR_RECORDER_ERROR, androidx.camera.video.VideoRecordEvent.Finalize.ERROR_NO_VALID_DATA, androidx.camera.video.VideoRecordEvent.Finalize.ERROR_SOURCE_INACTIVE, androidx.camera.video.VideoRecordEvent.Finalize.ERROR_DURATION_LIMIT_REACHED, androidx.camera.video.VideoRecordEvent.Finalize.ERROR_RECORDING_GARBAGE_COLLECTED}" />
    </annotation>
  </item>
  <item name="androidx.camera.video.VideoRecordEvent.Finalize int getError()">
    <annotation name="androidx.annotation.IntDef">
      <val name="value" val="{androidx.camera.video.VideoRecordEvent.Finalize.ERROR_NONE, androidx.camera.video.VideoRecordEvent.Finalize.ERROR_UNKNOWN, androidx.camera.video.VideoRecordEvent.Finalize.ERROR_FILE_SIZE_LIMIT_REACHED, androidx.camera.video.VideoRecordEvent.Finalize.ERROR_INSUFFICIENT_STORAGE, androidx.camera.video.VideoRecordEvent.Finalize.ERROR_INVALID_OUTPUT_OPTIONS, androidx.camera.video.VideoRecordEvent.Finalize.ERROR_ENCODING_FAILED, androidx.camera.video.VideoRecordEvent.Finalize.ERROR_RECORDER_ERROR, androidx.camera.video.VideoRecordEvent.Finalize.ERROR_NO_VALID_DATA, androidx.camera.video.VideoRecordEvent.Finalize.ERROR_SOURCE_INACTIVE, androidx.camera.video.VideoRecordEvent.Finalize.ERROR_DURATION_LIMIT_REACHED, androidx.camera.video.VideoRecordEvent.Finalize.ERROR_RECORDING_GARBAGE_COLLECTED}" />
    </annotation>
  </item>
  <item name="androidx.camera.video.VideoRecordEvent.Finalize java.lang.String errorToString(int) 0">
    <annotation name="androidx.annotation.IntDef">
      <val name="value" val="{androidx.camera.video.VideoRecordEvent.Finalize.ERROR_NONE, androidx.camera.video.VideoRecordEvent.Finalize.ERROR_UNKNOWN, androidx.camera.video.VideoRecordEvent.Finalize.ERROR_FILE_SIZE_LIMIT_REACHED, androidx.camera.video.VideoRecordEvent.Finalize.ERROR_INSUFFICIENT_STORAGE, androidx.camera.video.VideoRecordEvent.Finalize.ERROR_INVALID_OUTPUT_OPTIONS, androidx.camera.video.VideoRecordEvent.Finalize.ERROR_ENCODING_FAILED, androidx.camera.video.VideoRecordEvent.Finalize.ERROR_RECORDER_ERROR, androidx.camera.video.VideoRecordEvent.Finalize.ERROR_NO_VALID_DATA, androidx.camera.video.VideoRecordEvent.Finalize.ERROR_SOURCE_INACTIVE, androidx.camera.video.VideoRecordEvent.Finalize.ERROR_DURATION_LIMIT_REACHED, androidx.camera.video.VideoRecordEvent.Finalize.ERROR_RECORDING_GARBAGE_COLLECTED}" />
    </annotation>
  </item>
  <item name="androidx.camera.video.VideoRecordEvent.Finalize mError">
    <annotation name="androidx.annotation.IntDef">
      <val name="value" val="{androidx.camera.video.VideoRecordEvent.Finalize.ERROR_NONE, androidx.camera.video.VideoRecordEvent.Finalize.ERROR_UNKNOWN, androidx.camera.video.VideoRecordEvent.Finalize.ERROR_FILE_SIZE_LIMIT_REACHED, androidx.camera.video.VideoRecordEvent.Finalize.ERROR_INSUFFICIENT_STORAGE, androidx.camera.video.VideoRecordEvent.Finalize.ERROR_INVALID_OUTPUT_OPTIONS, androidx.camera.video.VideoRecordEvent.Finalize.ERROR_ENCODING_FAILED, androidx.camera.video.VideoRecordEvent.Finalize.ERROR_RECORDER_ERROR, androidx.camera.video.VideoRecordEvent.Finalize.ERROR_NO_VALID_DATA, androidx.camera.video.VideoRecordEvent.Finalize.ERROR_SOURCE_INACTIVE, androidx.camera.video.VideoRecordEvent.Finalize.ERROR_DURATION_LIMIT_REACHED, androidx.camera.video.VideoRecordEvent.Finalize.ERROR_RECORDING_GARBAGE_COLLECTED}" />
    </annotation>
  </item>
  <item name="androidx.camera.video.VideoRecordEvent.Finalize.VideoRecordError">
    <annotation name="androidx.annotation.IntDef">
      <val name="value" val="{androidx.camera.video.VideoRecordEvent.Finalize.ERROR_NONE, androidx.camera.video.VideoRecordEvent.Finalize.ERROR_UNKNOWN, androidx.camera.video.VideoRecordEvent.Finalize.ERROR_FILE_SIZE_LIMIT_REACHED, androidx.camera.video.VideoRecordEvent.Finalize.ERROR_INSUFFICIENT_STORAGE, androidx.camera.video.VideoRecordEvent.Finalize.ERROR_INVALID_OUTPUT_OPTIONS, androidx.camera.video.VideoRecordEvent.Finalize.ERROR_ENCODING_FAILED, androidx.camera.video.VideoRecordEvent.Finalize.ERROR_RECORDER_ERROR, androidx.camera.video.VideoRecordEvent.Finalize.ERROR_NO_VALID_DATA, androidx.camera.video.VideoRecordEvent.Finalize.ERROR_SOURCE_INACTIVE, androidx.camera.video.VideoRecordEvent.Finalize.ERROR_DURATION_LIMIT_REACHED, androidx.camera.video.VideoRecordEvent.Finalize.ERROR_RECORDING_GARBAGE_COLLECTED}" />
    </annotation>
  </item>
</root>

