<?xml version="1.0" encoding="UTF-8"?>
<root>
  <item name="androidx.camera.featurecombinationquery.CameraDeviceSetupCompat.SupportQueryResult SupportQueryResult(int, int, long) 0">
    <annotation name="androidx.annotation.IntDef">
      <val name="value" val="{androidx.camera.featurecombinationquery.CameraDeviceSetupCompat.SupportQueryResult.RESULT_UNDEFINED, androidx.camera.featurecombinationquery.CameraDeviceSetupCompat.SupportQueryResult.RESULT_SUPPORTED, androidx.camera.featurecombinationquery.CameraDeviceSetupCompat.SupportQueryResult.RESULT_UNSUPPORTED}" />
    </annotation>
  </item>
  <item name="androidx.camera.featurecombinationquery.CameraDeviceSetupCompat.SupportQueryResult SupportQueryResult(int, int, long) 1">
    <annotation name="androidx.annotation.IntDef">
      <val name="value" val="{androidx.camera.featurecombinationquery.CameraDeviceSetupCompat.SupportQueryResult.SOURCE_UNDEFINED, androidx.camera.featurecombinationquery.CameraDeviceSetupCompat.SupportQueryResult.SOURCE_PLAY_SERVICES, androidx.camera.featurecombinationquery.CameraDeviceSetupCompat.SupportQueryResult.SOURCE_ANDROID_FRAMEWORK}" />
    </annotation>
  </item>
  <item name="androidx.camera.featurecombinationquery.CameraDeviceSetupCompat.SupportQueryResult int getSource()">
    <annotation name="androidx.annotation.IntDef">
      <val name="value" val="{androidx.camera.featurecombinationquery.CameraDeviceSetupCompat.SupportQueryResult.SOURCE_UNDEFINED, androidx.camera.featurecombinationquery.CameraDeviceSetupCompat.SupportQueryResult.SOURCE_PLAY_SERVICES, androidx.camera.featurecombinationquery.CameraDeviceSetupCompat.SupportQueryResult.SOURCE_ANDROID_FRAMEWORK}" />
    </annotation>
  </item>
  <item name="androidx.camera.featurecombinationquery.CameraDeviceSetupCompat.SupportQueryResult int getSupported()">
    <annotation name="androidx.annotation.IntDef">
      <val name="value" val="{androidx.camera.featurecombinationquery.CameraDeviceSetupCompat.SupportQueryResult.RESULT_UNDEFINED, androidx.camera.featurecombinationquery.CameraDeviceSetupCompat.SupportQueryResult.RESULT_SUPPORTED, androidx.camera.featurecombinationquery.CameraDeviceSetupCompat.SupportQueryResult.RESULT_UNSUPPORTED}" />
    </annotation>
  </item>
  <item name="androidx.camera.featurecombinationquery.CameraDeviceSetupCompat.SupportQueryResult mSource">
    <annotation name="androidx.annotation.IntDef">
      <val name="value" val="{androidx.camera.featurecombinationquery.CameraDeviceSetupCompat.SupportQueryResult.SOURCE_UNDEFINED, androidx.camera.featurecombinationquery.CameraDeviceSetupCompat.SupportQueryResult.SOURCE_PLAY_SERVICES, androidx.camera.featurecombinationquery.CameraDeviceSetupCompat.SupportQueryResult.SOURCE_ANDROID_FRAMEWORK}" />
    </annotation>
  </item>
  <item name="androidx.camera.featurecombinationquery.CameraDeviceSetupCompat.SupportQueryResult mSupported">
    <annotation name="androidx.annotation.IntDef">
      <val name="value" val="{androidx.camera.featurecombinationquery.CameraDeviceSetupCompat.SupportQueryResult.RESULT_UNDEFINED, androidx.camera.featurecombinationquery.CameraDeviceSetupCompat.SupportQueryResult.RESULT_SUPPORTED, androidx.camera.featurecombinationquery.CameraDeviceSetupCompat.SupportQueryResult.RESULT_UNSUPPORTED}" />
    </annotation>
  </item>
  <item name="androidx.camera.featurecombinationquery.CameraDeviceSetupCompat.SupportQueryResult.Supported">
    <annotation name="androidx.annotation.IntDef">
      <val name="value" val="{androidx.camera.featurecombinationquery.CameraDeviceSetupCompat.SupportQueryResult.RESULT_UNDEFINED, androidx.camera.featurecombinationquery.CameraDeviceSetupCompat.SupportQueryResult.RESULT_SUPPORTED, androidx.camera.featurecombinationquery.CameraDeviceSetupCompat.SupportQueryResult.RESULT_UNSUPPORTED}" />
    </annotation>
  </item>
</root>

