<?xml version="1.0" encoding="UTF-8"?>
<root>
  <item name="androidx.camera.core.impl.AdapterCameraInfo.CameraOperation">
    <annotation name="androidx.annotation.IntDef">
      <val name="value" val="{androidx.camera.core.impl.AdapterCameraInfo.CAMERA_OPERATION_ZOOM, androidx.camera.core.impl.AdapterCameraInfo.CAMERA_OPERATION_AUTO_FOCUS, androidx.camera.core.impl.AdapterCameraInfo.CAMERA_OPERATION_AF_REGION, androidx.camera.core.impl.AdapterCameraInfo.CAMERA_OPERATION_AE_REGION, androidx.camera.core.impl.AdapterCameraInfo.CAMERA_OPERATION_AWB_REGION, androidx.camera.core.impl.AdapterCameraInfo.CAMERA_OPERATION_FLASH, androidx.camera.core.impl.AdapterCameraInfo.CAMERA_OPERATION_TORCH, androidx.camera.core.impl.AdapterCameraInfo.CAMERA_OPERATION_EXPOSURE_COMPENSATION, androidx.camera.core.impl.AdapterCameraInfo.CAMERA_OPERATION_EXTENSION_STRENGTH}" />
    </annotation>
  </item>
  <item name="androidx.camera.core.impl.CameraCaptureMetaData.FlashState int toFlashState()">
    <annotation name="androidx.annotation.IntDef">
      <val name="value" val="{androidx.camera.core.FlashState.UNKNOWN, androidx.camera.core.FlashState.FIRED, androidx.camera.core.FlashState.UNAVAILABLE, androidx.camera.core.FlashState.NOT_FIRED}" />
    </annotation>
  </item>
  <item name="androidx.camera.core.impl.CameraConfig int getUseCaseCombinationRequiredRule()">
    <annotation name="androidx.annotation.IntDef">
      <val name="value" val="{androidx.camera.core.impl.CameraConfig.REQUIRED_RULE_NONE, androidx.camera.core.impl.CameraConfig.REQUIRED_RULE_COEXISTING_PREVIEW_AND_IMAGE_CAPTURE}" />
    </annotation>
  </item>
  <item name="androidx.camera.core.impl.CameraConfig.Builder B setUseCaseCombinationRequiredRule(int) 0">
    <annotation name="androidx.annotation.IntDef">
      <val name="value" val="{androidx.camera.core.impl.CameraConfig.REQUIRED_RULE_NONE, androidx.camera.core.impl.CameraConfig.REQUIRED_RULE_COEXISTING_PREVIEW_AND_IMAGE_CAPTURE}" />
    </annotation>
  </item>
  <item name="androidx.camera.core.impl.CameraConfig.RequiredRule">
    <annotation name="androidx.annotation.IntDef">
      <val name="value" val="{androidx.camera.core.impl.CameraConfig.REQUIRED_RULE_NONE, androidx.camera.core.impl.CameraConfig.REQUIRED_RULE_COEXISTING_PREVIEW_AND_IMAGE_CAPTURE}" />
    </annotation>
  </item>
  <item name="androidx.camera.core.impl.CameraControlInternal com.google.common.util.concurrent.ListenableFuture&lt;androidx.camera.core.imagecapture.CameraCapturePipeline&gt; getCameraCapturePipelineAsync(int, int) 0">
    <annotation name="androidx.annotation.IntDef">
      <val name="value" val="{androidx.camera.core.ImageCapture.CAPTURE_MODE_MAXIMIZE_QUALITY, androidx.camera.core.ImageCapture.CAPTURE_MODE_MINIMIZE_LATENCY, androidx.camera.core.ImageCapture.CAPTURE_MODE_ZERO_SHUTTER_LAG}" />
    </annotation>
  </item>
  <item name="androidx.camera.core.impl.CameraControlInternal com.google.common.util.concurrent.ListenableFuture&lt;androidx.camera.core.imagecapture.CameraCapturePipeline&gt; getCameraCapturePipelineAsync(int, int) 1">
    <annotation name="androidx.annotation.IntDef">
      <val name="value" val="{androidx.camera.core.ImageCapture.FLASH_TYPE_ONE_SHOT_FLASH, androidx.camera.core.ImageCapture.FLASH_TYPE_USE_TORCH_AS_FLASH}" />
    </annotation>
  </item>
  <item name="androidx.camera.core.impl.CameraControlInternal com.google.common.util.concurrent.ListenableFuture&lt;java.util.List&lt;java.lang.Void&gt;&gt; submitStillCaptureRequests(java.util.List&lt;androidx.camera.core.impl.CaptureConfig&gt;, int, int) 1">
    <annotation name="androidx.annotation.IntDef">
      <val name="value" val="{androidx.camera.core.ImageCapture.CAPTURE_MODE_MAXIMIZE_QUALITY, androidx.camera.core.ImageCapture.CAPTURE_MODE_MINIMIZE_LATENCY, androidx.camera.core.ImageCapture.CAPTURE_MODE_ZERO_SHUTTER_LAG}" />
    </annotation>
  </item>
  <item name="androidx.camera.core.impl.CameraControlInternal com.google.common.util.concurrent.ListenableFuture&lt;java.util.List&lt;java.lang.Void&gt;&gt; submitStillCaptureRequests(java.util.List&lt;androidx.camera.core.impl.CaptureConfig&gt;, int, int) 2">
    <annotation name="androidx.annotation.IntDef">
      <val name="value" val="{androidx.camera.core.ImageCapture.FLASH_TYPE_ONE_SHOT_FLASH, androidx.camera.core.ImageCapture.FLASH_TYPE_USE_TORCH_AS_FLASH}" />
    </annotation>
  </item>
  <item name="androidx.camera.core.impl.CameraControlInternal int getFlashMode()">
    <annotation name="androidx.annotation.IntDef">
      <val name="value" val="{androidx.camera.core.ImageCapture.FLASH_MODE_UNKNOWN, androidx.camera.core.ImageCapture.FLASH_MODE_AUTO, androidx.camera.core.ImageCapture.FLASH_MODE_ON, androidx.camera.core.ImageCapture.FLASH_MODE_SCREEN, androidx.camera.core.ImageCapture.FLASH_MODE_OFF}" />
    </annotation>
  </item>
  <item name="androidx.camera.core.impl.CameraControlInternal void setFlashMode(int) 0">
    <annotation name="androidx.annotation.IntDef">
      <val name="value" val="{androidx.camera.core.ImageCapture.FLASH_MODE_UNKNOWN, androidx.camera.core.ImageCapture.FLASH_MODE_AUTO, androidx.camera.core.ImageCapture.FLASH_MODE_ON, androidx.camera.core.ImageCapture.FLASH_MODE_SCREEN, androidx.camera.core.ImageCapture.FLASH_MODE_OFF}" />
    </annotation>
  </item>
  <item name="androidx.camera.core.impl.CameraDeviceSurfaceManager androidx.camera.core.impl.SurfaceConfig transformSurfaceConfig(int, java.lang.String, int, android.util.Size, androidx.camera.core.impl.StreamUseCase) 0">
    <annotation name="androidx.annotation.IntDef">
      <val name="value" val="{androidx.camera.core.impl.CameraMode.DEFAULT, androidx.camera.core.impl.CameraMode.CONCURRENT_CAMERA, androidx.camera.core.impl.CameraMode.ULTRA_HIGH_RESOLUTION_CAMERA}" />
    </annotation>
  </item>
  <item name="androidx.camera.core.impl.CameraDeviceSurfaceManager androidx.camera.core.impl.SurfaceStreamSpecQueryResult getSuggestedStreamSpecs(int, java.lang.String, java.util.List&lt;androidx.camera.core.impl.AttachedSurfaceInfo&gt;, java.util.Map&lt;androidx.camera.core.impl.UseCaseConfig&lt;?&gt;,java.util.List&lt;android.util.Size&gt;&gt;, boolean, boolean, boolean, boolean) 0">
    <annotation name="androidx.annotation.IntDef">
      <val name="value" val="{androidx.camera.core.impl.CameraMode.DEFAULT, androidx.camera.core.impl.CameraMode.CONCURRENT_CAMERA, androidx.camera.core.impl.CameraMode.ULTRA_HIGH_RESOLUTION_CAMERA}" />
    </annotation>
  </item>
  <item name="androidx.camera.core.impl.CameraInfoInternal boolean isUseCaseCombinationSupported(java.util.List&lt;androidx.camera.core.UseCase&gt;, int) 1">
    <annotation name="androidx.annotation.IntDef">
      <val name="value" val="{androidx.camera.core.impl.CameraMode.DEFAULT, androidx.camera.core.impl.CameraMode.CONCURRENT_CAMERA, androidx.camera.core.impl.CameraMode.ULTRA_HIGH_RESOLUTION_CAMERA}" />
    </annotation>
  </item>
  <item name="androidx.camera.core.impl.CameraMode java.lang.String toLabelString(int) 0">
    <annotation name="androidx.annotation.IntDef">
      <val name="value" val="{androidx.camera.core.impl.CameraMode.DEFAULT, androidx.camera.core.impl.CameraMode.CONCURRENT_CAMERA, androidx.camera.core.impl.CameraMode.ULTRA_HIGH_RESOLUTION_CAMERA}" />
    </annotation>
  </item>
  <item name="androidx.camera.core.impl.CameraMode.Mode">
    <annotation name="androidx.annotation.IntDef">
      <val name="value" val="{androidx.camera.core.impl.CameraMode.DEFAULT, androidx.camera.core.impl.CameraMode.CONCURRENT_CAMERA, androidx.camera.core.impl.CameraMode.ULTRA_HIGH_RESOLUTION_CAMERA}" />
    </annotation>
  </item>
  <item name="androidx.camera.core.impl.CameraProviderExecutionState int getStatus()">
    <annotation name="androidx.annotation.IntDef">
      <val name="value" val="{androidx.camera.core.RetryPolicy.ExecutionState.STATUS_UNKNOWN_ERROR, androidx.camera.core.RetryPolicy.ExecutionState.STATUS_CONFIGURATION_FAIL, androidx.camera.core.RetryPolicy.ExecutionState.STATUS_CAMERA_UNAVAILABLE}" />
    </annotation>
  </item>
  <item name="androidx.camera.core.impl.CameraStateRegistry void onCameraOperatingModeUpdated(int, int) 0">
    <annotation name="androidx.annotation.IntDef">
      <val name="value" val="{androidx.camera.core.concurrent.CameraCoordinator.CAMERA_OPERATING_MODE_UNSPECIFIED, androidx.camera.core.concurrent.CameraCoordinator.CAMERA_OPERATING_MODE_SINGLE, androidx.camera.core.concurrent.CameraCoordinator.CAMERA_OPERATING_MODE_CONCURRENT}" />
    </annotation>
  </item>
  <item name="androidx.camera.core.impl.CameraStateRegistry void onCameraOperatingModeUpdated(int, int) 1">
    <annotation name="androidx.annotation.IntDef">
      <val name="value" val="{androidx.camera.core.concurrent.CameraCoordinator.CAMERA_OPERATING_MODE_UNSPECIFIED, androidx.camera.core.concurrent.CameraCoordinator.CAMERA_OPERATING_MODE_SINGLE, androidx.camera.core.concurrent.CameraCoordinator.CAMERA_OPERATING_MODE_CONCURRENT}" />
    </annotation>
  </item>
  <item name="androidx.camera.core.impl.CaptureConfig int getPreviewStabilizationMode()">
    <annotation name="androidx.annotation.IntDef">
      <val name="value" val="{androidx.camera.core.impl.stabilization.StabilizationMode.UNSPECIFIED, androidx.camera.core.impl.stabilization.StabilizationMode.OFF, androidx.camera.core.impl.stabilization.StabilizationMode.ON}" />
    </annotation>
  </item>
  <item name="androidx.camera.core.impl.CaptureConfig int getVideoStabilizationMode()">
    <annotation name="androidx.annotation.IntDef">
      <val name="value" val="{androidx.camera.core.impl.stabilization.StabilizationMode.UNSPECIFIED, androidx.camera.core.impl.stabilization.StabilizationMode.OFF, androidx.camera.core.impl.stabilization.StabilizationMode.ON}" />
    </annotation>
  </item>
  <item name="androidx.camera.core.impl.CaptureConfig.Builder void setPreviewStabilization(int) 0">
    <annotation name="androidx.annotation.IntDef">
      <val name="value" val="{androidx.camera.core.impl.stabilization.StabilizationMode.UNSPECIFIED, androidx.camera.core.impl.stabilization.StabilizationMode.OFF, androidx.camera.core.impl.stabilization.StabilizationMode.ON}" />
    </annotation>
  </item>
  <item name="androidx.camera.core.impl.CaptureConfig.Builder void setVideoStabilization(int) 0">
    <annotation name="androidx.annotation.IntDef">
      <val name="value" val="{androidx.camera.core.impl.stabilization.StabilizationMode.UNSPECIFIED, androidx.camera.core.impl.stabilization.StabilizationMode.OFF, androidx.camera.core.impl.stabilization.StabilizationMode.ON}" />
    </annotation>
  </item>
  <item name="androidx.camera.core.impl.EncoderProfilesProxy int getRequiredAudioProfile(int) 0">
    <annotation name="androidx.annotation.IntDef">
      <val name="value" val="{android.media.MediaRecorder.AudioEncoder.AAC, android.media.MediaRecorder.AudioEncoder.AAC_ELD, android.media.MediaRecorder.AudioEncoder.AMR_NB, android.media.MediaRecorder.AudioEncoder.AMR_WB, android.media.MediaRecorder.AudioEncoder.HE_AAC, android.media.MediaRecorder.AudioEncoder.OPUS, android.media.MediaRecorder.AudioEncoder.VORBIS, android.media.MediaRecorder.AudioEncoder.DEFAULT}" />
    </annotation>
  </item>
  <item name="androidx.camera.core.impl.EncoderProfilesProxy java.lang.String getAudioCodecMimeType(int) 0">
    <annotation name="androidx.annotation.IntDef">
      <val name="value" val="{android.media.MediaRecorder.AudioEncoder.AAC, android.media.MediaRecorder.AudioEncoder.AAC_ELD, android.media.MediaRecorder.AudioEncoder.AMR_NB, android.media.MediaRecorder.AudioEncoder.AMR_WB, android.media.MediaRecorder.AudioEncoder.HE_AAC, android.media.MediaRecorder.AudioEncoder.OPUS, android.media.MediaRecorder.AudioEncoder.VORBIS, android.media.MediaRecorder.AudioEncoder.DEFAULT}" />
    </annotation>
  </item>
  <item name="androidx.camera.core.impl.EncoderProfilesProxy java.lang.String getVideoCodecMimeType(int) 0">
    <annotation name="androidx.annotation.IntDef">
      <val name="value" val="{android.media.MediaRecorder.VideoEncoder.H263, android.media.MediaRecorder.VideoEncoder.H264, android.media.MediaRecorder.VideoEncoder.HEVC, android.media.MediaRecorder.VideoEncoder.VP8, android.media.MediaRecorder.VideoEncoder.MPEG_4_SP, android.media.MediaRecorder.VideoEncoder.VP9, android.media.MediaRecorder.VideoEncoder.DOLBY_VISION, android.media.MediaRecorder.VideoEncoder.AV1, android.media.MediaRecorder.VideoEncoder.DEFAULT}" />
    </annotation>
  </item>
  <item name="androidx.camera.core.impl.EncoderProfilesProxy.AudioProfileProxy androidx.camera.core.impl.EncoderProfilesProxy.AudioProfileProxy create(int, java.lang.String, int, int, int, int) 0">
    <annotation name="androidx.annotation.IntDef">
      <val name="value" val="{android.media.MediaRecorder.AudioEncoder.AAC, android.media.MediaRecorder.AudioEncoder.AAC_ELD, android.media.MediaRecorder.AudioEncoder.AMR_NB, android.media.MediaRecorder.AudioEncoder.AMR_WB, android.media.MediaRecorder.AudioEncoder.HE_AAC, android.media.MediaRecorder.AudioEncoder.OPUS, android.media.MediaRecorder.AudioEncoder.VORBIS, android.media.MediaRecorder.AudioEncoder.DEFAULT}" />
    </annotation>
  </item>
  <item name="androidx.camera.core.impl.EncoderProfilesProxy.AudioProfileProxy int getCodec()">
    <annotation name="androidx.annotation.IntDef">
      <val name="value" val="{android.media.MediaRecorder.AudioEncoder.AAC, android.media.MediaRecorder.AudioEncoder.AAC_ELD, android.media.MediaRecorder.AudioEncoder.AMR_NB, android.media.MediaRecorder.AudioEncoder.AMR_WB, android.media.MediaRecorder.AudioEncoder.HE_AAC, android.media.MediaRecorder.AudioEncoder.OPUS, android.media.MediaRecorder.AudioEncoder.VORBIS, android.media.MediaRecorder.AudioEncoder.DEFAULT}" />
    </annotation>
  </item>
  <item name="androidx.camera.core.impl.EncoderProfilesProxy.AudioProfileProxy.AudioEncoder">
    <annotation name="androidx.annotation.IntDef">
      <val name="value" val="{android.media.MediaRecorder.AudioEncoder.AAC, android.media.MediaRecorder.AudioEncoder.AAC_ELD, android.media.MediaRecorder.AudioEncoder.AMR_NB, android.media.MediaRecorder.AudioEncoder.AMR_WB, android.media.MediaRecorder.AudioEncoder.HE_AAC, android.media.MediaRecorder.AudioEncoder.OPUS, android.media.MediaRecorder.AudioEncoder.VORBIS, android.media.MediaRecorder.AudioEncoder.DEFAULT}" />
    </annotation>
  </item>
  <item name="androidx.camera.core.impl.EncoderProfilesProxy.VideoProfileProxy androidx.camera.core.impl.EncoderProfilesProxy.VideoProfileProxy create(int, java.lang.String, int, int, int, int, int, int, int, int) 0">
    <annotation name="androidx.annotation.IntDef">
      <val name="value" val="{android.media.MediaRecorder.VideoEncoder.H263, android.media.MediaRecorder.VideoEncoder.H264, android.media.MediaRecorder.VideoEncoder.HEVC, android.media.MediaRecorder.VideoEncoder.VP8, android.media.MediaRecorder.VideoEncoder.MPEG_4_SP, android.media.MediaRecorder.VideoEncoder.VP9, android.media.MediaRecorder.VideoEncoder.DOLBY_VISION, android.media.MediaRecorder.VideoEncoder.AV1, android.media.MediaRecorder.VideoEncoder.DEFAULT}" />
    </annotation>
  </item>
  <item name="androidx.camera.core.impl.EncoderProfilesProxy.VideoProfileProxy int getCodec()">
    <annotation name="androidx.annotation.IntDef">
      <val name="value" val="{android.media.MediaRecorder.VideoEncoder.H263, android.media.MediaRecorder.VideoEncoder.H264, android.media.MediaRecorder.VideoEncoder.HEVC, android.media.MediaRecorder.VideoEncoder.VP8, android.media.MediaRecorder.VideoEncoder.MPEG_4_SP, android.media.MediaRecorder.VideoEncoder.VP9, android.media.MediaRecorder.VideoEncoder.DOLBY_VISION, android.media.MediaRecorder.VideoEncoder.AV1, android.media.MediaRecorder.VideoEncoder.DEFAULT}" />
    </annotation>
  </item>
  <item name="androidx.camera.core.impl.EncoderProfilesProxy.VideoProfileProxy.VideoEncoder">
    <annotation name="androidx.annotation.IntDef">
      <val name="value" val="{android.media.MediaRecorder.VideoEncoder.H263, android.media.MediaRecorder.VideoEncoder.H264, android.media.MediaRecorder.VideoEncoder.HEVC, android.media.MediaRecorder.VideoEncoder.VP8, android.media.MediaRecorder.VideoEncoder.MPEG_4_SP, android.media.MediaRecorder.VideoEncoder.VP9, android.media.MediaRecorder.VideoEncoder.DOLBY_VISION, android.media.MediaRecorder.VideoEncoder.AV1, android.media.MediaRecorder.VideoEncoder.DEFAULT}" />
    </annotation>
  </item>
  <item name="androidx.camera.core.impl.ForwardingCameraControl com.google.common.util.concurrent.ListenableFuture&lt;androidx.camera.core.imagecapture.CameraCapturePipeline&gt; getCameraCapturePipelineAsync(int, int) 0">
    <annotation name="androidx.annotation.IntDef">
      <val name="value" val="{androidx.camera.core.ImageCapture.CAPTURE_MODE_MAXIMIZE_QUALITY, androidx.camera.core.ImageCapture.CAPTURE_MODE_MINIMIZE_LATENCY, androidx.camera.core.ImageCapture.CAPTURE_MODE_ZERO_SHUTTER_LAG}" />
    </annotation>
  </item>
  <item name="androidx.camera.core.impl.ForwardingCameraControl com.google.common.util.concurrent.ListenableFuture&lt;androidx.camera.core.imagecapture.CameraCapturePipeline&gt; getCameraCapturePipelineAsync(int, int) 1">
    <annotation name="androidx.annotation.IntDef">
      <val name="value" val="{androidx.camera.core.ImageCapture.FLASH_TYPE_ONE_SHOT_FLASH, androidx.camera.core.ImageCapture.FLASH_TYPE_USE_TORCH_AS_FLASH}" />
    </annotation>
  </item>
  <item name="androidx.camera.core.impl.ForwardingCameraControl com.google.common.util.concurrent.ListenableFuture&lt;java.util.List&lt;java.lang.Void&gt;&gt; submitStillCaptureRequests(java.util.List&lt;androidx.camera.core.impl.CaptureConfig&gt;, int, int) 1">
    <annotation name="androidx.annotation.IntDef">
      <val name="value" val="{androidx.camera.core.ImageCapture.CAPTURE_MODE_MAXIMIZE_QUALITY, androidx.camera.core.ImageCapture.CAPTURE_MODE_MINIMIZE_LATENCY, androidx.camera.core.ImageCapture.CAPTURE_MODE_ZERO_SHUTTER_LAG}" />
    </annotation>
  </item>
  <item name="androidx.camera.core.impl.ForwardingCameraControl com.google.common.util.concurrent.ListenableFuture&lt;java.util.List&lt;java.lang.Void&gt;&gt; submitStillCaptureRequests(java.util.List&lt;androidx.camera.core.impl.CaptureConfig&gt;, int, int) 2">
    <annotation name="androidx.annotation.IntDef">
      <val name="value" val="{androidx.camera.core.ImageCapture.FLASH_TYPE_ONE_SHOT_FLASH, androidx.camera.core.ImageCapture.FLASH_TYPE_USE_TORCH_AS_FLASH}" />
    </annotation>
  </item>
  <item name="androidx.camera.core.impl.ForwardingCameraControl int getFlashMode()">
    <annotation name="androidx.annotation.IntDef">
      <val name="value" val="{androidx.camera.core.ImageCapture.FLASH_MODE_UNKNOWN, androidx.camera.core.ImageCapture.FLASH_MODE_AUTO, androidx.camera.core.ImageCapture.FLASH_MODE_ON, androidx.camera.core.ImageCapture.FLASH_MODE_SCREEN, androidx.camera.core.ImageCapture.FLASH_MODE_OFF}" />
    </annotation>
  </item>
  <item name="androidx.camera.core.impl.ForwardingCameraControl void setFlashMode(int) 0">
    <annotation name="androidx.annotation.IntDef">
      <val name="value" val="{androidx.camera.core.ImageCapture.FLASH_MODE_UNKNOWN, androidx.camera.core.ImageCapture.FLASH_MODE_AUTO, androidx.camera.core.ImageCapture.FLASH_MODE_ON, androidx.camera.core.ImageCapture.FLASH_MODE_SCREEN, androidx.camera.core.ImageCapture.FLASH_MODE_OFF}" />
    </annotation>
  </item>
  <item name="androidx.camera.core.impl.ImageAnalysisConfig int getBackpressureStrategy()">
    <annotation name="androidx.annotation.IntDef">
      <val name="value" val="{androidx.camera.core.ImageAnalysis.STRATEGY_KEEP_ONLY_LATEST, androidx.camera.core.ImageAnalysis.STRATEGY_BLOCK_PRODUCER}" />
    </annotation>
  </item>
  <item name="androidx.camera.core.impl.ImageAnalysisConfig int getBackpressureStrategy(int)">
    <annotation name="androidx.annotation.IntDef">
      <val name="value" val="{androidx.camera.core.ImageAnalysis.STRATEGY_KEEP_ONLY_LATEST, androidx.camera.core.ImageAnalysis.STRATEGY_BLOCK_PRODUCER}" />
    </annotation>
  </item>
  <item name="androidx.camera.core.impl.ImageAnalysisConfig int getBackpressureStrategy(int) 0">
    <annotation name="androidx.annotation.IntDef">
      <val name="value" val="{androidx.camera.core.ImageAnalysis.STRATEGY_KEEP_ONLY_LATEST, androidx.camera.core.ImageAnalysis.STRATEGY_BLOCK_PRODUCER}" />
    </annotation>
  </item>
  <item name="androidx.camera.core.impl.ImageAnalysisConfig int getOutputImageFormat(int)">
    <annotation name="androidx.annotation.IntDef">
      <val name="value" val="{androidx.camera.core.ImageAnalysis.OUTPUT_IMAGE_FORMAT_YUV_420_888, androidx.camera.core.ImageAnalysis.OUTPUT_IMAGE_FORMAT_RGBA_8888, androidx.camera.core.ImageAnalysis.OUTPUT_IMAGE_FORMAT_NV21}" />
    </annotation>
  </item>
  <item name="androidx.camera.core.impl.ImageCaptureConfig int getCaptureMode()">
    <annotation name="androidx.annotation.IntDef">
      <val name="value" val="{androidx.camera.core.ImageCapture.CAPTURE_MODE_MAXIMIZE_QUALITY, androidx.camera.core.ImageCapture.CAPTURE_MODE_MINIMIZE_LATENCY, androidx.camera.core.ImageCapture.CAPTURE_MODE_ZERO_SHUTTER_LAG}" />
    </annotation>
  </item>
  <item name="androidx.camera.core.impl.ImageCaptureConfig int getFlashMode()">
    <annotation name="androidx.annotation.IntDef">
      <val name="value" val="{androidx.camera.core.ImageCapture.FLASH_MODE_UNKNOWN, androidx.camera.core.ImageCapture.FLASH_MODE_AUTO, androidx.camera.core.ImageCapture.FLASH_MODE_ON, androidx.camera.core.ImageCapture.FLASH_MODE_SCREEN, androidx.camera.core.ImageCapture.FLASH_MODE_OFF}" />
    </annotation>
  </item>
  <item name="androidx.camera.core.impl.ImageCaptureConfig int getFlashMode(int)">
    <annotation name="androidx.annotation.IntDef">
      <val name="value" val="{androidx.camera.core.ImageCapture.FLASH_MODE_UNKNOWN, androidx.camera.core.ImageCapture.FLASH_MODE_AUTO, androidx.camera.core.ImageCapture.FLASH_MODE_ON, androidx.camera.core.ImageCapture.FLASH_MODE_SCREEN, androidx.camera.core.ImageCapture.FLASH_MODE_OFF}" />
    </annotation>
  </item>
  <item name="androidx.camera.core.impl.ImageCaptureConfig int getFlashMode(int) 0">
    <annotation name="androidx.annotation.IntDef">
      <val name="value" val="{androidx.camera.core.ImageCapture.FLASH_MODE_UNKNOWN, androidx.camera.core.ImageCapture.FLASH_MODE_AUTO, androidx.camera.core.ImageCapture.FLASH_MODE_ON, androidx.camera.core.ImageCapture.FLASH_MODE_SCREEN, androidx.camera.core.ImageCapture.FLASH_MODE_OFF}" />
    </annotation>
  </item>
  <item name="androidx.camera.core.impl.ImageCaptureConfig int getFlashType()">
    <annotation name="androidx.annotation.IntDef">
      <val name="value" val="{androidx.camera.core.ImageCapture.FLASH_TYPE_ONE_SHOT_FLASH, androidx.camera.core.ImageCapture.FLASH_TYPE_USE_TORCH_AS_FLASH}" />
    </annotation>
  </item>
  <item name="androidx.camera.core.impl.ImageCaptureConfig int getFlashType(int)">
    <annotation name="androidx.annotation.IntDef">
      <val name="value" val="{androidx.camera.core.ImageCapture.FLASH_TYPE_ONE_SHOT_FLASH, androidx.camera.core.ImageCapture.FLASH_TYPE_USE_TORCH_AS_FLASH}" />
    </annotation>
  </item>
  <item name="androidx.camera.core.impl.ImageCaptureConfig int getFlashType(int) 0">
    <annotation name="androidx.annotation.IntDef">
      <val name="value" val="{androidx.camera.core.ImageCapture.FLASH_TYPE_ONE_SHOT_FLASH, androidx.camera.core.ImageCapture.FLASH_TYPE_USE_TORCH_AS_FLASH}" />
    </annotation>
  </item>
  <item name="androidx.camera.core.impl.ImageOutputConfig int getAppTargetRotation(int)">
    <annotation name="androidx.annotation.IntDef">
      <val name="value" val="{android.view.Surface.ROTATION_0, android.view.Surface.ROTATION_90, android.view.Surface.ROTATION_180, android.view.Surface.ROTATION_270}" />
    </annotation>
  </item>
  <item name="androidx.camera.core.impl.ImageOutputConfig int getMirrorMode(int)">
    <annotation name="androidx.annotation.IntDef">
      <val name="value" val="{androidx.camera.core.MirrorMode.MIRROR_MODE_OFF, androidx.camera.core.MirrorMode.MIRROR_MODE_ON, androidx.camera.core.MirrorMode.MIRROR_MODE_ON_FRONT_ONLY, androidx.camera.core.MirrorMode.MIRROR_MODE_UNSPECIFIED}" />
    </annotation>
  </item>
  <item name="androidx.camera.core.impl.ImageOutputConfig int getTargetAspectRatio()">
    <annotation name="androidx.annotation.IntDef">
      <val name="value" val="{androidx.camera.core.AspectRatio.RATIO_DEFAULT, androidx.camera.core.AspectRatio.RATIO_4_3, androidx.camera.core.AspectRatio.RATIO_16_9}" />
    </annotation>
  </item>
  <item name="androidx.camera.core.impl.ImageOutputConfig int getTargetRotation()">
    <annotation name="androidx.annotation.IntDef">
      <val name="value" val="{android.view.Surface.ROTATION_0, android.view.Surface.ROTATION_90, android.view.Surface.ROTATION_180, android.view.Surface.ROTATION_270}" />
    </annotation>
  </item>
  <item name="androidx.camera.core.impl.ImageOutputConfig int getTargetRotation(int)">
    <annotation name="androidx.annotation.IntDef">
      <val name="value" val="{android.view.Surface.ROTATION_0, android.view.Surface.ROTATION_90, android.view.Surface.ROTATION_180, android.view.Surface.ROTATION_270}" />
    </annotation>
  </item>
  <item name="androidx.camera.core.impl.ImageOutputConfig.Builder B setMirrorMode(int) 0">
    <annotation name="androidx.annotation.IntDef">
      <val name="value" val="{androidx.camera.core.MirrorMode.MIRROR_MODE_OFF, androidx.camera.core.MirrorMode.MIRROR_MODE_ON, androidx.camera.core.MirrorMode.MIRROR_MODE_ON_FRONT_ONLY, androidx.camera.core.MirrorMode.MIRROR_MODE_UNSPECIFIED}" />
    </annotation>
  </item>
  <item name="androidx.camera.core.impl.ImageOutputConfig.Builder B setTargetAspectRatio(int) 0">
    <annotation name="androidx.annotation.IntDef">
      <val name="value" val="{androidx.camera.core.AspectRatio.RATIO_DEFAULT, androidx.camera.core.AspectRatio.RATIO_4_3, androidx.camera.core.AspectRatio.RATIO_16_9}" />
    </annotation>
  </item>
  <item name="androidx.camera.core.impl.ImageOutputConfig.Builder B setTargetRotation(int) 0">
    <annotation name="androidx.annotation.IntDef">
      <val name="value" val="{android.view.Surface.ROTATION_0, android.view.Surface.ROTATION_90, android.view.Surface.ROTATION_180, android.view.Surface.ROTATION_270}" />
    </annotation>
  </item>
  <item name="androidx.camera.core.impl.ImageOutputConfig.OptionalRotationValue">
    <annotation name="androidx.annotation.IntDef">
      <val name="value" val="{androidx.camera.core.impl.ImageOutputConfig.ROTATION_NOT_SPECIFIED, android.view.Surface.ROTATION_0, android.view.Surface.ROTATION_90, android.view.Surface.ROTATION_180, android.view.Surface.ROTATION_270}" />
    </annotation>
  </item>
  <item name="androidx.camera.core.impl.ImageOutputConfig.RotationDegreesValue">
    <annotation name="androidx.annotation.IntDef">
      <val name="value" val="{0, 90, 180, 270}" />
    </annotation>
  </item>
  <item name="androidx.camera.core.impl.ImageOutputConfig.RotationValue">
    <annotation name="androidx.annotation.IntDef">
      <val name="value" val="{android.view.Surface.ROTATION_0, android.view.Surface.ROTATION_90, android.view.Surface.ROTATION_180, android.view.Surface.ROTATION_270}" />
    </annotation>
  </item>
  <item name="androidx.camera.core.impl.LensFacingCameraFilter LensFacingCameraFilter(int) 0">
    <annotation name="androidx.annotation.IntDef">
      <val name="value" val="{androidx.camera.core.CameraSelector.LENS_FACING_UNKNOWN, androidx.camera.core.CameraSelector.LENS_FACING_FRONT, androidx.camera.core.CameraSelector.LENS_FACING_BACK, androidx.camera.core.CameraSelector.LENS_FACING_EXTERNAL}" />
    </annotation>
  </item>
  <item name="androidx.camera.core.impl.LensFacingCameraFilter mLensFacing">
    <annotation name="androidx.annotation.IntDef">
      <val name="value" val="{androidx.camera.core.CameraSelector.LENS_FACING_UNKNOWN, androidx.camera.core.CameraSelector.LENS_FACING_FRONT, androidx.camera.core.CameraSelector.LENS_FACING_BACK, androidx.camera.core.CameraSelector.LENS_FACING_EXTERNAL}" />
    </annotation>
  </item>
  <item name="androidx.camera.core.impl.SessionConfig.Builder androidx.camera.core.impl.SessionConfig.Builder addSurface(androidx.camera.core.impl.DeferrableSurface, androidx.camera.core.DynamicRange, java.lang.String, int) 3">
    <annotation name="androidx.annotation.IntDef">
      <val name="value" val="{androidx.camera.core.MirrorMode.MIRROR_MODE_OFF, androidx.camera.core.MirrorMode.MIRROR_MODE_ON, androidx.camera.core.MirrorMode.MIRROR_MODE_ON_FRONT_ONLY, androidx.camera.core.MirrorMode.MIRROR_MODE_UNSPECIFIED}" />
    </annotation>
  </item>
  <item name="androidx.camera.core.impl.SessionConfig.Builder androidx.camera.core.impl.SessionConfig.Builder setPreviewStabilization(int) 0">
    <annotation name="androidx.annotation.IntDef">
      <val name="value" val="{androidx.camera.core.impl.stabilization.StabilizationMode.UNSPECIFIED, androidx.camera.core.impl.stabilization.StabilizationMode.OFF, androidx.camera.core.impl.stabilization.StabilizationMode.ON}" />
    </annotation>
  </item>
  <item name="androidx.camera.core.impl.SessionConfig.Builder androidx.camera.core.impl.SessionConfig.Builder setVideoStabilization(int) 0">
    <annotation name="androidx.annotation.IntDef">
      <val name="value" val="{androidx.camera.core.impl.stabilization.StabilizationMode.UNSPECIFIED, androidx.camera.core.impl.stabilization.StabilizationMode.OFF, androidx.camera.core.impl.stabilization.StabilizationMode.ON}" />
    </annotation>
  </item>
  <item name="androidx.camera.core.impl.SessionConfig.OutputConfig int getMirrorMode()">
    <annotation name="androidx.annotation.IntDef">
      <val name="value" val="{androidx.camera.core.MirrorMode.MIRROR_MODE_OFF, androidx.camera.core.MirrorMode.MIRROR_MODE_ON, androidx.camera.core.MirrorMode.MIRROR_MODE_ON_FRONT_ONLY, androidx.camera.core.MirrorMode.MIRROR_MODE_UNSPECIFIED}" />
    </annotation>
  </item>
  <item name="androidx.camera.core.impl.SessionConfig.OutputConfig.Builder androidx.camera.core.impl.SessionConfig.OutputConfig.Builder setMirrorMode(int) 0">
    <annotation name="androidx.annotation.IntDef">
      <val name="value" val="{androidx.camera.core.MirrorMode.MIRROR_MODE_OFF, androidx.camera.core.MirrorMode.MIRROR_MODE_ON, androidx.camera.core.MirrorMode.MIRROR_MODE_ON_FRONT_ONLY, androidx.camera.core.MirrorMode.MIRROR_MODE_UNSPECIFIED}" />
    </annotation>
  </item>
  <item name="androidx.camera.core.impl.SessionConfig.ValidatingBuilder void setPreviewStabilizationMode(int) 0">
    <annotation name="androidx.annotation.IntDef">
      <val name="value" val="{androidx.camera.core.impl.stabilization.StabilizationMode.UNSPECIFIED, androidx.camera.core.impl.stabilization.StabilizationMode.OFF, androidx.camera.core.impl.stabilization.StabilizationMode.ON}" />
    </annotation>
  </item>
  <item name="androidx.camera.core.impl.SessionConfig.ValidatingBuilder void setVideoStabilizationMode(int) 0">
    <annotation name="androidx.annotation.IntDef">
      <val name="value" val="{androidx.camera.core.impl.stabilization.StabilizationMode.UNSPECIFIED, androidx.camera.core.impl.stabilization.StabilizationMode.OFF, androidx.camera.core.impl.stabilization.StabilizationMode.ON}" />
    </annotation>
  </item>
  <item name="androidx.camera.core.impl.SessionProcessor java.util.Set&lt;java.lang.Integer&gt; getSupportedCameraOperations()">
    <annotation name="androidx.annotation.IntDef">
      <val name="value" val="{androidx.camera.core.impl.AdapterCameraInfo.CAMERA_OPERATION_ZOOM, androidx.camera.core.impl.AdapterCameraInfo.CAMERA_OPERATION_AUTO_FOCUS, androidx.camera.core.impl.AdapterCameraInfo.CAMERA_OPERATION_AF_REGION, androidx.camera.core.impl.AdapterCameraInfo.CAMERA_OPERATION_AE_REGION, androidx.camera.core.impl.AdapterCameraInfo.CAMERA_OPERATION_AWB_REGION, androidx.camera.core.impl.AdapterCameraInfo.CAMERA_OPERATION_FLASH, androidx.camera.core.impl.AdapterCameraInfo.CAMERA_OPERATION_TORCH, androidx.camera.core.impl.AdapterCameraInfo.CAMERA_OPERATION_EXPOSURE_COMPENSATION, androidx.camera.core.impl.AdapterCameraInfo.CAMERA_OPERATION_EXTENSION_STRENGTH}" />
    </annotation>
  </item>
  <item name="androidx.camera.core.impl.UseCaseConfig int getPreviewStabilizationMode()">
    <annotation name="androidx.annotation.IntDef">
      <val name="value" val="{androidx.camera.core.impl.stabilization.StabilizationMode.UNSPECIFIED, androidx.camera.core.impl.stabilization.StabilizationMode.OFF, androidx.camera.core.impl.stabilization.StabilizationMode.ON}" />
    </annotation>
  </item>
  <item name="androidx.camera.core.impl.UseCaseConfig int getVideoStabilizationMode()">
    <annotation name="androidx.annotation.IntDef">
      <val name="value" val="{androidx.camera.core.impl.stabilization.StabilizationMode.UNSPECIFIED, androidx.camera.core.impl.stabilization.StabilizationMode.OFF, androidx.camera.core.impl.stabilization.StabilizationMode.ON}" />
    </annotation>
  </item>
  <item name="androidx.camera.core.impl.UseCaseConfigFactory androidx.camera.core.impl.Config getConfig(androidx.camera.core.impl.UseCaseConfigFactory.CaptureType, int) 1">
    <annotation name="androidx.annotation.IntDef">
      <val name="value" val="{androidx.camera.core.ImageCapture.CAPTURE_MODE_MAXIMIZE_QUALITY, androidx.camera.core.ImageCapture.CAPTURE_MODE_MINIMIZE_LATENCY, androidx.camera.core.ImageCapture.CAPTURE_MODE_ZERO_SHUTTER_LAG}" />
    </annotation>
  </item>
</root>

