<?xml version="1.0" encoding="UTF-8"?>
<root>
  <item name="androidx.camera.core.impl.utils.CameraOrientationUtil int degreesToSurfaceRotation(int)">
    <annotation name="androidx.annotation.IntDef">
      <val name="value" val="{android.view.Surface.ROTATION_0, android.view.Surface.ROTATION_90, android.view.Surface.ROTATION_180, android.view.Surface.ROTATION_270}" />
    </annotation>
  </item>
  <item name="androidx.camera.core.impl.utils.CameraOrientationUtil int surfaceRotationToDegrees(int) 0">
    <annotation name="androidx.annotation.IntDef">
      <val name="value" val="{android.view.Surface.ROTATION_0, android.view.Surface.ROTATION_90, android.view.Surface.ROTATION_180, android.view.Surface.ROTATION_270}" />
    </annotation>
  </item>
  <item name="androidx.camera.core.impl.utils.ExifData androidx.camera.core.impl.utils.ExifData create(androidx.camera.core.ImageProxy, int) 1">
    <annotation name="androidx.annotation.IntDef">
      <val name="value" val="{0, 90, 180, 270}" />
    </annotation>
  </item>
  <item name="androidx.camera.core.impl.utils.SessionProcessorUtil boolean isOperationSupported(androidx.camera.core.impl.SessionProcessor, int...) 1">
    <annotation name="androidx.annotation.IntDef">
      <val name="value" val="{androidx.camera.core.impl.AdapterCameraInfo.CAMERA_OPERATION_ZOOM, androidx.camera.core.impl.AdapterCameraInfo.CAMERA_OPERATION_AUTO_FOCUS, androidx.camera.core.impl.AdapterCameraInfo.CAMERA_OPERATION_AF_REGION, androidx.camera.core.impl.AdapterCameraInfo.CAMERA_OPERATION_AE_REGION, androidx.camera.core.impl.AdapterCameraInfo.CAMERA_OPERATION_AWB_REGION, androidx.camera.core.impl.AdapterCameraInfo.CAMERA_OPERATION_FLASH, androidx.camera.core.impl.AdapterCameraInfo.CAMERA_OPERATION_TORCH, androidx.camera.core.impl.AdapterCameraInfo.CAMERA_OPERATION_EXPOSURE_COMPENSATION, androidx.camera.core.impl.AdapterCameraInfo.CAMERA_OPERATION_EXTENSION_STRENGTH}" />
    </annotation>
  </item>
</root>

