<?xml version="1.0" encoding="UTF-8"?>
<root>
  <item name="androidx.camera.core.imagecapture.TakePictureRequest androidx.camera.core.imagecapture.TakePictureRequest of(java.util.concurrent.Executor, androidx.camera.core.ImageCapture.OnImageCapturedCallback, androidx.camera.core.ImageCapture.OnImageSavedCallback, androidx.camera.core.ImageCapture.OutputFileOptions, androidx.camera.core.ImageCapture.OutputFileOptions, android.graphics.Rect, android.graphics.Matrix, int, int, int, boolean, java.util.List&lt;androidx.camera.core.impl.CameraCaptureCallback&gt;) 9">
    <annotation name="androidx.annotation.IntDef">
      <val name="value" val="{androidx.camera.core.ImageCapture.CAPTURE_MODE_MAXIMIZE_QUALITY, androidx.camera.core.ImageCapture.CAPTURE_MODE_MINIMIZE_LATENCY, androidx.camera.core.ImageCapture.CAPTURE_MODE_ZERO_SHUTTER_LAG}" />
    </annotation>
  </item>
  <item name="androidx.camera.core.imagecapture.TakePictureRequest int getCaptureMode()">
    <annotation name="androidx.annotation.IntDef">
      <val name="value" val="{androidx.camera.core.ImageCapture.CAPTURE_MODE_MAXIMIZE_QUALITY, androidx.camera.core.ImageCapture.CAPTURE_MODE_MINIMIZE_LATENCY, androidx.camera.core.ImageCapture.CAPTURE_MODE_ZERO_SHUTTER_LAG}" />
    </annotation>
  </item>
  <item name="androidx.camera.core.imagecapture.TakePictureRequest int getRotationDegrees()">
    <annotation name="androidx.annotation.IntDef">
      <val name="value" val="{android.view.Surface.ROTATION_0, android.view.Surface.ROTATION_90, android.view.Surface.ROTATION_180, android.view.Surface.ROTATION_270}" />
    </annotation>
  </item>
</root>

